-- Tabelas SEM FK
INSERT INTO T_GP_MOTTU_PAIS (NM_PAIS) VALUES ('Brasil');
INSERT INTO T_GP_MOTTU_PAIS (NM_PAIS) VALUES ('Argentina');
INSERT INTO T_GP_MOTTU_PAIS (NM_PAIS) VALUES ('Uruguai');
INSERT INTO T_GP_MOTTU_PAIS (NM_PAIS) VALUES ('Chile');
INSERT INTO T_GP_MOTTU_PAIS (NM_PAIS) VALUES ('Paraguai');
INSERT INTO T_GP_MOTTU_PAIS (NM_PAIS) VALUES ('Colômbia');
INSERT INTO T_GP_MOTTU_PAIS (NM_PAIS) VALUES ('Peru');
INSERT INTO T_GP_MOTTU_PAIS (NM_PAIS) VALUES ('México');
INSERT INTO T_GP_MOTTU_PAIS (NM_PAIS) VALUES ('Espanha');
INSERT INTO T_GP_MOTTU_PAIS (NM_PAIS) VALUES ('Portugal');

INSERT INTO T_GP_MOTTU_TIPO_SECAO (NM_SECAO) VALUES ('Carga Leve');
INSERT INTO T_GP_MOTTU_TIPO_SECAO (NM_SECAO) VALUES ('Carga Média');
INSERT INTO T_GP_MOTTU_TIPO_SECAO (NM_SECAO) VALUES ('Carga Pesada');
INSERT INTO T_GP_MOTTU_TIPO_SECAO (NM_SECAO) VALUES ('Produtos Refrigerados');
INSERT INTO T_GP_MOTTU_TIPO_SECAO (NM_SECAO) VALUES ('Frágeis');
INSERT INTO T_GP_MOTTU_TIPO_SECAO (NM_SECAO) VALUES ('Químicos');
INSERT INTO T_GP_MOTTU_TIPO_SECAO (NM_SECAO) VALUES ('Documentos');
INSERT INTO T_GP_MOTTU_TIPO_SECAO (NM_SECAO) VALUES ('Expressa');
INSERT INTO T_GP_MOTTU_TIPO_SECAO (NM_SECAO) VALUES ('Longo Alcance');
INSERT INTO T_GP_MOTTU_TIPO_SECAO (NM_SECAO) VALUES ('Zona de Risco');

INSERT INTO T_GP_MOTTU_TIPO_MOTO (NM_TIPO) VALUES ('Scooter');
INSERT INTO T_GP_MOTTU_TIPO_MOTO (NM_TIPO) VALUES ('Custom');
INSERT INTO T_GP_MOTTU_TIPO_MOTO (NM_TIPO) VALUES ('Naked');
INSERT INTO T_GP_MOTTU_TIPO_MOTO (NM_TIPO) VALUES ('Trail');
INSERT INTO T_GP_MOTTU_TIPO_MOTO (NM_TIPO) VALUES ('Sport');
INSERT INTO T_GP_MOTTU_TIPO_MOTO (NM_TIPO) VALUES ('Off-road');
INSERT INTO T_GP_MOTTU_TIPO_MOTO (NM_TIPO) VALUES ('Touring');
INSERT INTO T_GP_MOTTU_TIPO_MOTO (NM_TIPO) VALUES ('Street');
INSERT INTO T_GP_MOTTU_TIPO_MOTO (NM_TIPO) VALUES ('Elétrica');
INSERT INTO T_GP_MOTTU_TIPO_MOTO (NM_TIPO) VALUES ('Retrô');

INSERT INTO T_GP_MOTTU_PERFIL (NM_PERFIL) VALUES ('Administrador');
INSERT INTO T_GP_MOTTU_PERFIL (NM_PERFIL) VALUES ('Supervisor');
INSERT INTO T_GP_MOTTU_PERFIL (NM_PERFIL) VALUES ('Operador');
INSERT INTO T_GP_MOTTU_PERFIL (NM_PERFIL) VALUES ('Motoboy');
INSERT INTO T_GP_MOTTU_PERFIL (NM_PERFIL) VALUES ('Gerente');
INSERT INTO T_GP_MOTTU_PERFIL (NM_PERFIL) VALUES ('RH');
INSERT INTO T_GP_MOTTU_PERFIL (NM_PERFIL) VALUES ('TI');
INSERT INTO T_GP_MOTTU_PERFIL (NM_PERFIL) VALUES ('Financeiro');
INSERT INTO T_GP_MOTTU_PERFIL (NM_PERFIL) VALUES ('Comercial');
INSERT INTO T_GP_MOTTU_PERFIL (NM_PERFIL) VALUES ('Auditor');

INSERT INTO T_GP_MOTTU_TELEFONE (DDI, DDD, NUMERO) VALUES ('+55', '11', '912345678');
INSERT INTO T_GP_MOTTU_TELEFONE (DDI, DDD, NUMERO) VALUES ('+55', '19', '998877665');
INSERT INTO T_GP_MOTTU_TELEFONE (DDI, DDD, NUMERO) VALUES ('+55', '31', '987654321');
INSERT INTO T_GP_MOTTU_TELEFONE (DDI, DDD, NUMERO) VALUES ('+55', '21', '976543210');
INSERT INTO T_GP_MOTTU_TELEFONE (DDI, DDD, NUMERO) VALUES ('+55', '71', '965432109');
INSERT INTO T_GP_MOTTU_TELEFONE (DDI, DDD, NUMERO) VALUES ('+55', '41', '954321098');
INSERT INTO T_GP_MOTTU_TELEFONE (DDI, DDD, NUMERO) VALUES ('+55', '51', '943210987');
INSERT INTO T_GP_MOTTU_TELEFONE (DDI, DDD, NUMERO) VALUES ('+55', '81', '932109876');
INSERT INTO T_GP_MOTTU_TELEFONE (DDI, DDD, NUMERO) VALUES ('+55', '85', '921098765');
INSERT INTO T_GP_MOTTU_TELEFONE (DDI, DDD, NUMERO) VALUES ('+55', '61', '910987654');

-- Tabelas COM FK (ordem de dependência)
INSERT INTO T_GP_MOTTU_ESTADO (NM_ESTADO, ID_PAIS) VALUES ('São Paulo', 1);
INSERT INTO T_GP_MOTTU_ESTADO (NM_ESTADO, ID_PAIS) VALUES ('Minas Gerais', 1);
INSERT INTO T_GP_MOTTU_ESTADO (NM_ESTADO, ID_PAIS) VALUES ('Rio de Janeiro', 1);
INSERT INTO T_GP_MOTTU_ESTADO (NM_ESTADO, ID_PAIS) VALUES ('Bahia', 1);
INSERT INTO T_GP_MOTTU_ESTADO (NM_ESTADO, ID_PAIS) VALUES ('Paraná', 1);
INSERT INTO T_GP_MOTTU_ESTADO (NM_ESTADO, ID_PAIS) VALUES ('Santa Catarina', 1);
INSERT INTO T_GP_MOTTU_ESTADO (NM_ESTADO, ID_PAIS) VALUES ('Rio Grande do Sul', 1);
INSERT INTO T_GP_MOTTU_ESTADO (NM_ESTADO, ID_PAIS) VALUES ('Pernambuco', 1);
INSERT INTO T_GP_MOTTU_ESTADO (NM_ESTADO, ID_PAIS) VALUES ('Ceará', 1);
INSERT INTO T_GP_MOTTU_ESTADO (NM_ESTADO, ID_PAIS) VALUES ('Distrito Federal', 1);

INSERT INTO T_GP_MOTTU_CIDADE (NM_CIDADE, ID_ESTADO) VALUES ('São Paulo', 1);
INSERT INTO T_GP_MOTTU_CIDADE (NM_CIDADE, ID_ESTADO) VALUES ('Campinas', 1);
INSERT INTO T_GP_MOTTU_CIDADE (NM_CIDADE, ID_ESTADO) VALUES ('Belo Horizonte', 2);
INSERT INTO T_GP_MOTTU_CIDADE (NM_CIDADE, ID_ESTADO) VALUES ('Rio de Janeiro', 3);
INSERT INTO T_GP_MOTTU_CIDADE (NM_CIDADE, ID_ESTADO) VALUES ('Salvador', 4);
INSERT INTO T_GP_MOTTU_CIDADE (NM_CIDADE, ID_ESTADO) VALUES ('Curitiba', 5);
INSERT INTO T_GP_MOTTU_CIDADE (NM_CIDADE, ID_ESTADO) VALUES ('Porto Alegre', 7);
INSERT INTO T_GP_MOTTU_CIDADE (NM_CIDADE, ID_ESTADO) VALUES ('Recife', 8);
INSERT INTO T_GP_MOTTU_CIDADE (NM_CIDADE, ID_ESTADO) VALUES ('Fortaleza', 9);
INSERT INTO T_GP_MOTTU_CIDADE (NM_CIDADE, ID_ESTADO) VALUES ('Brasília', 10);

INSERT INTO T_GP_MOTTU_ENDERECO (ID_CIDADE, CEP, NM_LOGRADOURO, NR_LOGRADOURO) VALUES (1, '01001000', 'Av. Paulista', 1000);
INSERT INTO T_GP_MOTTU_ENDERECO (ID_CIDADE, CEP, NM_LOGRADOURO, NR_LOGRADOURO) VALUES (2, '13015000', 'Rua Barão de Jaguara', 123);
INSERT INTO T_GP_MOTTU_ENDERECO (ID_CIDADE, CEP, NM_LOGRADOURO, NR_LOGRADOURO) VALUES (3, '30140071', 'Av. Afonso Pena', 500);
INSERT INTO T_GP_MOTTU_ENDERECO (ID_CIDADE, CEP, NM_LOGRADOURO, NR_LOGRADOURO) VALUES (4, '20040002', 'Rua da Carioca', 200);
INSERT INTO T_GP_MOTTU_ENDERECO (ID_CIDADE, CEP, NM_LOGRADOURO, NR_LOGRADOURO) VALUES (5, '40000000', 'Av. Sete de Setembro', 333);
INSERT INTO T_GP_MOTTU_ENDERECO (ID_CIDADE, CEP, NM_LOGRADOURO, NR_LOGRADOURO) VALUES (6, '80010000', 'Rua XV de Novembro', 90);
INSERT INTO T_GP_MOTTU_ENDERECO (ID_CIDADE, CEP, NM_LOGRADOURO, NR_LOGRADOURO) VALUES (7, '90010000', 'Av. Borges de Medeiros', 600);
INSERT INTO T_GP_MOTTU_ENDERECO (ID_CIDADE, CEP, NM_LOGRADOURO, NR_LOGRADOURO) VALUES (8, '50000000', 'Av. Conde da Boa Vista', 720);
INSERT INTO T_GP_MOTTU_ENDERECO (ID_CIDADE, CEP, NM_LOGRADOURO, NR_LOGRADOURO) VALUES (9, '60000000', 'Av. Beira Mar', 450);
INSERT INTO T_GP_MOTTU_ENDERECO (ID_CIDADE, CEP, NM_LOGRADOURO, NR_LOGRADOURO) VALUES (10, '70000000', 'Esplanada dos Ministérios', 1);

INSERT INTO T_GP_MOTTU_CONTATO (NM_DONO, STATUS, ID_TELEFONE) VALUES ('João Silva', 1, 1);
INSERT INTO T_GP_MOTTU_CONTATO (NM_DONO, STATUS, ID_TELEFONE) VALUES ('Maria Souza', 1, 2);
INSERT INTO T_GP_MOTTU_CONTATO (NM_DONO, STATUS, ID_TELEFONE) VALUES ('Carlos Lima', 1, 3);
INSERT INTO T_GP_MOTTU_CONTATO (NM_DONO, STATUS, ID_TELEFONE) VALUES ('Ana Paula', 1, 4);
INSERT INTO T_GP_MOTTU_CONTATO (NM_DONO, STATUS, ID_TELEFONE) VALUES ('Pedro Rocha', 1, 5);
INSERT INTO T_GP_MOTTU_CONTATO (NM_DONO, STATUS, ID_TELEFONE) VALUES ('Juliana Alves', 1, 6);
INSERT INTO T_GP_MOTTU_CONTATO (NM_DONO, STATUS, ID_TELEFONE) VALUES ('Rafael Costa', 1, 7);
INSERT INTO T_GP_MOTTU_CONTATO (NM_DONO, STATUS, ID_TELEFONE) VALUES ('Fernanda Dias', 1, 8);
INSERT INTO T_GP_MOTTU_CONTATO (NM_DONO, STATUS, ID_TELEFONE) VALUES ('Lucas Martins', 1, 9);
INSERT INTO T_GP_MOTTU_CONTATO (NM_DONO, STATUS, ID_TELEFONE) VALUES ('Patrícia Melo', 1, 10);

-- FILIAL
INSERT INTO T_GP_MOTTU_FILIAL (CNPJ_FILIAL, SENHA_FILIAL, ID_ENDERECO, ID_CONTATO) VALUES ('12345678000100', 'senha123', 1, 1);
INSERT INTO T_GP_MOTTU_FILIAL (CNPJ_FILIAL, SENHA_FILIAL, ID_ENDERECO, ID_CONTATO) VALUES ('12345678000200', 'senha456', 2, 2);
INSERT INTO T_GP_MOTTU_FILIAL (CNPJ_FILIAL, SENHA_FILIAL, ID_ENDERECO, ID_CONTATO) VALUES ('12345678000300', 'senha789', 3, 3);
INSERT INTO T_GP_MOTTU_FILIAL (CNPJ_FILIAL, SENHA_FILIAL, ID_ENDERECO, ID_CONTATO) VALUES ('12345678000400', 'senhaabc', 4, 4);
INSERT INTO T_GP_MOTTU_FILIAL (CNPJ_FILIAL, SENHA_FILIAL, ID_ENDERECO, ID_CONTATO) VALUES ('12345678000500', 'senhadef', 5, 5);
INSERT INTO T_GP_MOTTU_FILIAL (CNPJ_FILIAL, SENHA_FILIAL, ID_ENDERECO, ID_CONTATO) VALUES ('12345678000600', 'senhaghi', 6, 6);
INSERT INTO T_GP_MOTTU_FILIAL (CNPJ_FILIAL, SENHA_FILIAL, ID_ENDERECO, ID_CONTATO) VALUES ('12345678000700', 'senhajkl', 7, 7);
INSERT INTO T_GP_MOTTU_FILIAL (CNPJ_FILIAL, SENHA_FILIAL, ID_ENDERECO, ID_CONTATO) VALUES ('12345678000800', 'senhamno', 8, 8);
INSERT INTO T_GP_MOTTU_FILIAL (CNPJ_FILIAL, SENHA_FILIAL, ID_ENDERECO, ID_CONTATO) VALUES ('12345678000900', 'senhapqr', 9, 9);
INSERT INTO T_GP_MOTTU_FILIAL (CNPJ_FILIAL, SENHA_FILIAL, ID_ENDERECO, ID_CONTATO) VALUES ('12345678001000', 'senhastu', 10, 10);

-- SECOES FILIAL
INSERT INTO T_GP_MOTTU_SECOES_FILIAL (LADO1, LADO2, LADO3, LADO4, ID_TIPO_SECAO, ID_FILIAL) VALUES (2.0, 2.0, 2.0, 2.0, 1, 1);
INSERT INTO T_GP_MOTTU_SECOES_FILIAL (LADO1, LADO2, LADO3, LADO4, ID_TIPO_SECAO, ID_FILIAL) VALUES (3.0, 3.0, 3.0, 3.0, 2, 2);
INSERT INTO T_GP_MOTTU_SECOES_FILIAL (LADO1, LADO2, LADO3, LADO4, ID_TIPO_SECAO, ID_FILIAL) VALUES (4.0, 4.0, 4.0, 4.0, 3, 3);
INSERT INTO T_GP_MOTTU_SECOES_FILIAL (LADO1, LADO2, LADO3, LADO4, ID_TIPO_SECAO, ID_FILIAL) VALUES (5.0, 5.0, 5.0, 5.0, 4, 4);
INSERT INTO T_GP_MOTTU_SECOES_FILIAL (LADO1, LADO2, LADO3, LADO4, ID_TIPO_SECAO, ID_FILIAL) VALUES (6.0, 6.0, 6.0, 6.0, 5, 5);
INSERT INTO T_GP_MOTTU_SECOES_FILIAL (LADO1, LADO2, LADO3, LADO4, ID_TIPO_SECAO, ID_FILIAL) VALUES (7.0, 7.0, 7.0, 7.0, 6, 6);
INSERT INTO T_GP_MOTTU_SECOES_FILIAL (LADO1, LADO2, LADO3, LADO4, ID_TIPO_SECAO, ID_FILIAL) VALUES (8.0, 8.0, 8.0, 8.0, 7, 7);
INSERT INTO T_GP_MOTTU_SECOES_FILIAL (LADO1, LADO2, LADO3, LADO4, ID_TIPO_SECAO, ID_FILIAL) VALUES (9.0, 9.0, 9.0, 9.0, 8, 8);
INSERT INTO T_GP_MOTTU_SECOES_FILIAL (LADO1, LADO2, LADO3, LADO4, ID_TIPO_SECAO, ID_FILIAL) VALUES (10.0, 10.0, 10.0, 10.0, 9, 9);
INSERT INTO T_GP_MOTTU_SECOES_FILIAL (LADO1, LADO2, LADO3, LADO4, ID_TIPO_SECAO, ID_FILIAL) VALUES (11.0, 11.0, 11.0, 11.0, 10, 10);

-- MOTO
INSERT INTO T_GP_MOTTU_MOTO (STATUS, CONDICOES_MANUTENCAO, IDENTIFICADOR, ID_TIPO_MOTO, ID_SECAO) VALUES ('Revisada', 'Revisada', 'ABC1234', 1, 1);
INSERT INTO T_GP_MOTTU_MOTO (STATUS, CONDICOES_MANUTENCAO, IDENTIFICADOR, ID_TIPO_MOTO, ID_SECAO) VALUES ('Troca de óleo', 'Troca de óleo', 'XYZ5678', 2, 1);
INSERT INTO T_GP_MOTTU_MOTO (STATUS, CONDICOES_MANUTENCAO, IDENTIFICADOR, ID_TIPO_MOTO, ID_SECAO) VALUES ('Completa', 'Completa', 'DEF9012', 3, 3);
INSERT INTO T_GP_MOTTU_MOTO (STATUS, CONDICOES_MANUTENCAO, IDENTIFICADOR, ID_TIPO_MOTO, ID_SECAO) VALUES ('Freios novos', 'Freios novos', 'GHI3456', 4, 4);
INSERT INTO T_GP_MOTTU_MOTO (STATUS, CONDICOES_MANUTENCAO, IDENTIFICADOR, ID_TIPO_MOTO, ID_SECAO) VALUES ('Sem manutenção', 'Sem manutenção', 'JKL7890', 5, 5);
INSERT INTO T_GP_MOTTU_MOTO (STATUS, CONDICOES_MANUTENCAO, IDENTIFICADOR, ID_TIPO_MOTO, ID_SECAO) VALUES ('Pneus novos', 'Pneus novos', 'MNO2345', 6, 6);
INSERT INTO T_GP_MOTTU_MOTO (STATUS, CONDICOES_MANUTENCAO, IDENTIFICADOR, ID_TIPO_MOTO, ID_SECAO) VALUES ('Revisada', 'Revisada', 'PQR6789', 7, 7);
INSERT INTO T_GP_MOTTU_MOTO (STATUS, CONDICOES_MANUTENCAO, IDENTIFICADOR, ID_TIPO_MOTO, ID_SECAO) VALUES ('Motor retificado', 'Motor retificado', 'STU1234', 8, 8);
INSERT INTO T_GP_MOTTU_MOTO (STATUS, CONDICOES_MANUTENCAO, IDENTIFICADOR, ID_TIPO_MOTO, ID_SECAO) VALUES ('Completa', 'Completa', 'VWX5678', 9, 9);
INSERT INTO T_GP_MOTTU_MOTO (STATUS, CONDICOES_MANUTENCAO, IDENTIFICADOR, ID_TIPO_MOTO, ID_SECAO) VALUES ('Pronta entrega', 'Pronta entrega', 'YZA9012', 10, 10);

-- USUARIO
INSERT INTO T_GP_MOTTU_USUARIO (NM_USUARIO, NM_EMAIL, SENHA, ID_FILIAL, ID_PERFIL) VALUES ('Admin SP', 'admin.sp@email.com', '$2a$12$KJGTTLkR3a8ZysrmpDc6Mu6k.Kr4E3O6BwMBovRygeoqd40lbsFhe', 1, 1);
INSERT INTO T_GP_MOTTU_USUARIO (NM_USUARIO, NM_EMAIL, SENHA, ID_FILIAL, ID_PERFIL) VALUES ('Admin Campinas', 'admin.campinas@email.com', '$2a$10$wQw2w2wQw2w2wQw2w2wQwOeQw2w2wQw2w2wQw2w2wQw2w2wQw2w2', 2, 2);
INSERT INTO T_GP_MOTTU_USUARIO (NM_USUARIO, NM_EMAIL, SENHA, ID_FILIAL, ID_PERFIL) VALUES ('Admin BH', 'admin.bh@email.com', '$2a$10$wQw2w2wQw2w2wQw2w2wQwOeQw2w2wQw2w2wQw2w2wQw2w2wQw2w2', 3, 3);
INSERT INTO T_GP_MOTTU_USUARIO (NM_USUARIO, NM_EMAIL, SENHA, ID_FILIAL, ID_PERFIL) VALUES ('Admin RJ', 'admin.rj@email.com', '$2a$10$wQw2w2wQw2w2wQw2w2wQwOeQw2w2wQw2w2wQw2w2wQw2w2wQw2w2', 4, 4);
INSERT INTO T_GP_MOTTU_USUARIO (NM_USUARIO, NM_EMAIL, SENHA, ID_FILIAL, ID_PERFIL) VALUES ('Admin BA', 'admin.ba@email.com', '$2a$10$wQw2w2wQw2w2wQw2w2wQwOeQw2w2wQw2w2wQw2w2wQw2w2wQw2w2', 5, 5);
INSERT INTO T_GP_MOTTU_USUARIO (NM_USUARIO, NM_EMAIL, SENHA, ID_FILIAL, ID_PERFIL) VALUES ('Admin PR', 'admin.pr@email.com', '$2a$10$wQw2w2wQw2w2wQw2w2wQwOeQw2w2wQw2w2wQw2w2wQw2w2wQw2w2', 6, 6);
INSERT INTO T_GP_MOTTU_USUARIO (NM_USUARIO, NM_EMAIL, SENHA, ID_FILIAL, ID_PERFIL) VALUES ('Admin RS', 'admin.rs@email.com', '$2a$10$wQw2w2wQw2w2wQw2w2wQwOeQw2w2wQw2w2wQw2w2wQw2w2wQw2w2', 7, 7);
INSERT INTO T_GP_MOTTU_USUARIO (NM_USUARIO, NM_EMAIL, SENHA, ID_FILIAL, ID_PERFIL) VALUES ('Admin PE', 'admin.pe@email.com', '$2a$10$wQw2w2wQw2w2wQw2w2wQwOeQw2w2wQw2w2wQw2w2wQw2w2wQw2w2', 8, 8);
INSERT INTO T_GP_MOTTU_USUARIO (NM_USUARIO, NM_EMAIL, SENHA, ID_FILIAL, ID_PERFIL) VALUES ('Admin CE', 'admin.ce@email.com', '$2a$10$wQw2w2wQw2w2wQw2w2wQwOeQw2w2wQw2w2wQw2w2wQw2w2wQw2w2', 9, 9);
INSERT INTO T_GP_MOTTU_USUARIO (NM_USUARIO, NM_EMAIL, SENHA, ID_FILIAL, ID_PERFIL) VALUES ('Admin DF', 'admin.df@email.com', '$2a$10$wQw2w2wQw2w2wQw2w2wQwOeQw2w2wQw2w2wQw2w2wQw2w2wQw2w2', 10, 10);

-- UWB
INSERT INTO T_GP_MOTTU_QRCODE (VL_QRCODE, ID_MOTO, ID_FILIAL) VALUES ('QR-MOTO-001', 1, 1);
INSERT INTO T_GP_MOTTU_QRCODE (VL_QRCODE, ID_MOTO, ID_FILIAL) VALUES ('QR-MOTO-002', 2, 1);
INSERT INTO T_GP_MOTTU_QRCODE (VL_QRCODE, ID_MOTO, ID_FILIAL) VALUES ('QR-MOTO-003', 3, 3);
INSERT INTO T_GP_MOTTU_QRCODE (VL_QRCODE, ID_MOTO, ID_FILIAL) VALUES ('QR-MOTO-004', 4, 4);
INSERT INTO T_GP_MOTTU_QRCODE (VL_QRCODE, ID_MOTO, ID_FILIAL) VALUES ('QR-MOTO-005', 5, 5);
INSERT INTO T_GP_MOTTU_QRCODE (VL_QRCODE, ID_MOTO, ID_FILIAL) VALUES ('QR-MOTO-006', 6, 6);
INSERT INTO T_GP_MOTTU_QRCODE (VL_QRCODE, ID_MOTO, ID_FILIAL) VALUES ('QR-MOTO-007', 7, 7);
INSERT INTO T_GP_MOTTU_QRCODE (VL_QRCODE, ID_MOTO, ID_FILIAL) VALUES ('QR-MOTO-008', 8, 8);
INSERT INTO T_GP_MOTTU_QRCODE (VL_QRCODE, ID_MOTO, ID_FILIAL) VALUES ('QR-MOTO-009', 9, 9);
INSERT INTO T_GP_MOTTU_QRCODE (VL_QRCODE, ID_MOTO, ID_FILIAL) VALUES ('QR-MOTO-010', 10, 10);