
-- Tabelas SEM FK
INSERT INTO T_GP_MOTTU_PAIS (ID_PAIS, NM_PAIS) VALUES (1, 'Brasil');
INSERT INTO T_GP_MOTTU_PAIS (ID_PAIS, NM_PAIS) VALUES (2, 'Argentina');
INSERT INTO T_GP_MOTTU_PAIS (ID_PAIS, NM_PAIS) VALUES (3, 'Uruguai');
INSERT INTO T_GP_MOTTU_PAIS (ID_PAIS, NM_PAIS) VALUES (4, 'Chile');
INSERT INTO T_GP_MOTTU_PAIS (ID_PAIS, NM_PAIS) VALUES (5, 'Paraguai');
INSERT INTO T_GP_MOTTU_PAIS (ID_PAIS, NM_PAIS) VALUES (6, 'Colômbia');
INSERT INTO T_GP_MOTTU_PAIS (ID_PAIS, NM_PAIS) VALUES (7, 'Peru');
INSERT INTO T_GP_MOTTU_PAIS (ID_PAIS, NM_PAIS) VALUES (8, 'México');
INSERT INTO T_GP_MOTTU_PAIS (ID_PAIS, NM_PAIS) VALUES (9, 'Espanha');
INSERT INTO T_GP_MOTTU_PAIS (ID_PAIS, NM_PAIS) VALUES (10, 'Portugal');

INSERT INTO T_GP_MOTTU_TIPO_SECAO (ID_TIPO_SECAO, NM_SECAO) VALUES (1, 'Carga Leve');
INSERT INTO T_GP_MOTTU_TIPO_SECAO (ID_TIPO_SECAO, NM_SECAO) VALUES (2, 'Carga Média');
INSERT INTO T_GP_MOTTU_TIPO_SECAO (ID_TIPO_SECAO, NM_SECAO) VALUES (3, 'Carga Pesada');
INSERT INTO T_GP_MOTTU_TIPO_SECAO (ID_TIPO_SECAO, NM_SECAO) VALUES (4, 'Produtos Refrigerados');
INSERT INTO T_GP_MOTTU_TIPO_SECAO (ID_TIPO_SECAO, NM_SECAO) VALUES (5, 'Frágeis');
INSERT INTO T_GP_MOTTU_TIPO_SECAO (ID_TIPO_SECAO, NM_SECAO) VALUES (6, 'Químicos');
INSERT INTO T_GP_MOTTU_TIPO_SECAO (ID_TIPO_SECAO, NM_SECAO) VALUES (7, 'Documentos');
INSERT INTO T_GP_MOTTU_TIPO_SECAO (ID_TIPO_SECAO, NM_SECAO) VALUES (8, 'Expressa');
INSERT INTO T_GP_MOTTU_TIPO_SECAO (ID_TIPO_SECAO, NM_SECAO) VALUES (9, 'Longo Alcance');
INSERT INTO T_GP_MOTTU_TIPO_SECAO (ID_TIPO_SECAO, NM_SECAO) VALUES (10, 'Zona de Risco');

INSERT INTO T_GP_MOTTU_TIPO_MOTO (ID_TIPO_MOTO, NM_TIPO) VALUES (1, 'Scooter');
INSERT INTO T_GP_MOTTU_TIPO_MOTO (ID_TIPO_MOTO, NM_TIPO) VALUES (2, 'Custom');
INSERT INTO T_GP_MOTTU_TIPO_MOTO (ID_TIPO_MOTO, NM_TIPO) VALUES (3, 'Naked');
INSERT INTO T_GP_MOTTU_TIPO_MOTO (ID_TIPO_MOTO, NM_TIPO) VALUES (4, 'Trail');
INSERT INTO T_GP_MOTTU_TIPO_MOTO (ID_TIPO_MOTO, NM_TIPO) VALUES (5, 'Sport');
INSERT INTO T_GP_MOTTU_TIPO_MOTO (ID_TIPO_MOTO, NM_TIPO) VALUES (6, 'Off-road');
INSERT INTO T_GP_MOTTU_TIPO_MOTO (ID_TIPO_MOTO, NM_TIPO) VALUES (7, 'Touring');
INSERT INTO T_GP_MOTTU_TIPO_MOTO (ID_TIPO_MOTO, NM_TIPO) VALUES (8, 'Street');
INSERT INTO T_GP_MOTTU_TIPO_MOTO (ID_TIPO_MOTO, NM_TIPO) VALUES (9, 'Elétrica');
INSERT INTO T_GP_MOTTU_TIPO_MOTO (ID_TIPO_MOTO, NM_TIPO) VALUES (10, 'Retrô');

INSERT INTO T_GP_MOTTU_PERFIL (ID_PERFIL, NM_PERFIL) VALUES (1, 'Administrador');
INSERT INTO T_GP_MOTTU_PERFIL (ID_PERFIL, NM_PERFIL) VALUES (2, 'Supervisor');
INSERT INTO T_GP_MOTTU_PERFIL (ID_PERFIL, NM_PERFIL) VALUES (3, 'Operador');
INSERT INTO T_GP_MOTTU_PERFIL (ID_PERFIL, NM_PERFIL) VALUES (4, 'Motoboy');
INSERT INTO T_GP_MOTTU_PERFIL (ID_PERFIL, NM_PERFIL) VALUES (5, 'Gerente');
INSERT INTO T_GP_MOTTU_PERFIL (ID_PERFIL, NM_PERFIL) VALUES (6, 'RH');
INSERT INTO T_GP_MOTTU_PERFIL (ID_PERFIL, NM_PERFIL) VALUES (7, 'TI');
INSERT INTO T_GP_MOTTU_PERFIL (ID_PERFIL, NM_PERFIL) VALUES (8, 'Financeiro');
INSERT INTO T_GP_MOTTU_PERFIL (ID_PERFIL, NM_PERFIL) VALUES (9, 'Comercial');
INSERT INTO T_GP_MOTTU_PERFIL (ID_PERFIL, NM_PERFIL) VALUES (10, 'Auditor');

INSERT INTO T_GP_MOTTU_TELEFONE (ID_TELEFONE, DDI, DDD, NUMERO) VALUES (1, '+55', '11', '912345678');
INSERT INTO T_GP_MOTTU_TELEFONE (ID_TELEFONE, DDI, DDD, NUMERO) VALUES (2, '+55', '19', '998877665');
INSERT INTO T_GP_MOTTU_TELEFONE (ID_TELEFONE, DDI, DDD, NUMERO) VALUES (3, '+55', '31', '987654321');
INSERT INTO T_GP_MOTTU_TELEFONE (ID_TELEFONE, DDI, DDD, NUMERO) VALUES (4, '+55', '21', '976543210');
INSERT INTO T_GP_MOTTU_TELEFONE (ID_TELEFONE, DDI, DDD, NUMERO) VALUES (5, '+55', '71', '965432109');
INSERT INTO T_GP_MOTTU_TELEFONE (ID_TELEFONE, DDI, DDD, NUMERO) VALUES (6, '+55', '41', '954321098');
INSERT INTO T_GP_MOTTU_TELEFONE (ID_TELEFONE, DDI, DDD, NUMERO) VALUES (7, '+55', '51', '943210987');
INSERT INTO T_GP_MOTTU_TELEFONE (ID_TELEFONE, DDI, DDD, NUMERO) VALUES (8, '+55', '81', '932109876');
INSERT INTO T_GP_MOTTU_TELEFONE (ID_TELEFONE, DDI, DDD, NUMERO) VALUES (9, '+55', '85', '921098765');
INSERT INTO T_GP_MOTTU_TELEFONE (ID_TELEFONE, DDI, DDD, NUMERO) VALUES (10, '+55', '61', '910987654');

-- Tabelas COM FK (ordem de dependência)
INSERT INTO T_GP_MOTTU_ESTADO (ID_ESTADO, NM_ESTADO, ID_PAIS) VALUES (1, 'São Paulo', 1);
INSERT INTO T_GP_MOTTU_ESTADO (ID_ESTADO, NM_ESTADO, ID_PAIS) VALUES (2, 'Minas Gerais', 1);
INSERT INTO T_GP_MOTTU_ESTADO (ID_ESTADO, NM_ESTADO, ID_PAIS) VALUES (3, 'Rio de Janeiro', 1);
INSERT INTO T_GP_MOTTU_ESTADO (ID_ESTADO, NM_ESTADO, ID_PAIS) VALUES (4, 'Bahia', 1);
INSERT INTO T_GP_MOTTU_ESTADO (ID_ESTADO, NM_ESTADO, ID_PAIS) VALUES (5, 'Paraná', 1);
INSERT INTO T_GP_MOTTU_ESTADO (ID_ESTADO, NM_ESTADO, ID_PAIS) VALUES (6, 'Santa Catarina', 1);
INSERT INTO T_GP_MOTTU_ESTADO (ID_ESTADO, NM_ESTADO, ID_PAIS) VALUES (7, 'Rio Grande do Sul', 1);
INSERT INTO T_GP_MOTTU_ESTADO (ID_ESTADO, NM_ESTADO, ID_PAIS) VALUES (8, 'Pernambuco', 1);
INSERT INTO T_GP_MOTTU_ESTADO (ID_ESTADO, NM_ESTADO, ID_PAIS) VALUES (9, 'Ceará', 1);
INSERT INTO T_GP_MOTTU_ESTADO (ID_ESTADO, NM_ESTADO, ID_PAIS) VALUES (10, 'Distrito Federal', 1);

INSERT INTO T_GP_MOTTU_CIDADE (ID_CIDADE, NM_CIDADE, ID_ESTADO) VALUES (1, 'São Paulo', 1);
INSERT INTO T_GP_MOTTU_CIDADE (ID_CIDADE, NM_CIDADE, ID_ESTADO) VALUES (2, 'Campinas', 1);
INSERT INTO T_GP_MOTTU_CIDADE (ID_CIDADE, NM_CIDADE, ID_ESTADO) VALUES (3, 'Belo Horizonte', 2);
INSERT INTO T_GP_MOTTU_CIDADE (ID_CIDADE, NM_CIDADE, ID_ESTADO) VALUES (4, 'Rio de Janeiro', 3);
INSERT INTO T_GP_MOTTU_CIDADE (ID_CIDADE, NM_CIDADE, ID_ESTADO) VALUES (5, 'Salvador', 4);
INSERT INTO T_GP_MOTTU_CIDADE (ID_CIDADE, NM_CIDADE, ID_ESTADO) VALUES (6, 'Curitiba', 5);
INSERT INTO T_GP_MOTTU_CIDADE (ID_CIDADE, NM_CIDADE, ID_ESTADO) VALUES (7, 'Porto Alegre', 7);
INSERT INTO T_GP_MOTTU_CIDADE (ID_CIDADE, NM_CIDADE, ID_ESTADO) VALUES (8, 'Recife', 8);
INSERT INTO T_GP_MOTTU_CIDADE (ID_CIDADE, NM_CIDADE, ID_ESTADO) VALUES (9, 'Fortaleza', 9);
INSERT INTO T_GP_MOTTU_CIDADE (ID_CIDADE, NM_CIDADE, ID_ESTADO) VALUES (10, 'Brasília', 10);

INSERT INTO T_GP_MOTTU_ENDERECO (ID_ENDERECO, ID_CIDADE, CEP, NM_LOGRADOURO, NR_LOGRADOURO) VALUES (1, 1, '01001000', 'Av. Paulista', 1000);
INSERT INTO T_GP_MOTTU_ENDERECO (ID_ENDERECO, ID_CIDADE, CEP, NM_LOGRADOURO, NR_LOGRADOURO) VALUES (2, 2, '13015000', 'Rua Barão de Jaguara', 123);
INSERT INTO T_GP_MOTTU_ENDERECO (ID_ENDERECO, ID_CIDADE, CEP, NM_LOGRADOURO, NR_LOGRADOURO) VALUES (3, 3, '30140071', 'Av. Afonso Pena', 500);
INSERT INTO T_GP_MOTTU_ENDERECO (ID_ENDERECO, ID_CIDADE, CEP, NM_LOGRADOURO, NR_LOGRADOURO) VALUES (4, 4, '20040002', 'Rua da Carioca', 200);
INSERT INTO T_GP_MOTTU_ENDERECO (ID_ENDERECO, ID_CIDADE, CEP, NM_LOGRADOURO, NR_LOGRADOURO) VALUES (5, 5, '40000000', 'Av. Sete de Setembro', 333);
INSERT INTO T_GP_MOTTU_ENDERECO (ID_ENDERECO, ID_CIDADE, CEP, NM_LOGRADOURO, NR_LOGRADOURO) VALUES (6, 6, '80010000', 'Rua XV de Novembro', 90);
INSERT INTO T_GP_MOTTU_ENDERECO (ID_ENDERECO, ID_CIDADE, CEP, NM_LOGRADOURO, NR_LOGRADOURO) VALUES (7, 7, '90010000', 'Av. Borges de Medeiros', 600);
INSERT INTO T_GP_MOTTU_ENDERECO (ID_ENDERECO, ID_CIDADE, CEP, NM_LOGRADOURO, NR_LOGRADOURO) VALUES (8, 8, '50000000', 'Av. Conde da Boa Vista', 720);
INSERT INTO T_GP_MOTTU_ENDERECO (ID_ENDERECO, ID_CIDADE, CEP, NM_LOGRADOURO, NR_LOGRADOURO) VALUES (9, 9, '60000000', 'Av. Beira Mar', 450);
INSERT INTO T_GP_MOTTU_ENDERECO (ID_ENDERECO, ID_CIDADE, CEP, NM_LOGRADOURO, NR_LOGRADOURO) VALUES (10, 10, '70000000', 'Esplanada dos Ministérios', 1);

INSERT INTO T_GP_MOTTU_CONTATO (ID_CONTATO, NM_DONO, STATUS, ID_TELEFONE) VALUES (1, 'João Silva', 1, 1);
INSERT INTO T_GP_MOTTU_CONTATO (ID_CONTATO, NM_DONO, STATUS, ID_TELEFONE) VALUES (2, 'Maria Souza', 1, 2);
INSERT INTO T_GP_MOTTU_CONTATO (ID_CONTATO, NM_DONO, STATUS, ID_TELEFONE) VALUES (3, 'Carlos Lima', 1, 3);
INSERT INTO T_GP_MOTTU_CONTATO (ID_CONTATO, NM_DONO, STATUS, ID_TELEFONE) VALUES (4, 'Ana Paula', 1, 4);
INSERT INTO T_GP_MOTTU_CONTATO (ID_CONTATO, NM_DONO, STATUS, ID_TELEFONE) VALUES (5, 'Pedro Rocha', 1, 5);
INSERT INTO T_GP_MOTTU_CONTATO (ID_CONTATO, NM_DONO, STATUS, ID_TELEFONE) VALUES (6, 'Juliana Alves', 1, 6);
INSERT INTO T_GP_MOTTU_CONTATO (ID_CONTATO, NM_DONO, STATUS, ID_TELEFONE) VALUES (7, 'Rafael Costa', 1, 7);
INSERT INTO T_GP_MOTTU_CONTATO (ID_CONTATO, NM_DONO, STATUS, ID_TELEFONE) VALUES (8, 'Fernanda Dias', 1, 8);
INSERT INTO T_GP_MOTTU_CONTATO (ID_CONTATO, NM_DONO, STATUS, ID_TELEFONE) VALUES (9, 'Lucas Martins', 1, 9);
INSERT INTO T_GP_MOTTU_CONTATO (ID_CONTATO, NM_DONO, STATUS, ID_TELEFONE) VALUES (10, 'Patrícia Melo', 1, 10);

-- FILIAL
INSERT INTO T_GP_MOTTU_FILIAL (ID_FILIAL, CNPJ_FILIAL, SENHA_FILIAL, ID_ENDERECO, ID_CONTATO) VALUES (1, '12345678000100', 'senha123', 1, 1);
INSERT INTO T_GP_MOTTU_FILIAL (ID_FILIAL, CNPJ_FILIAL, SENHA_FILIAL, ID_ENDERECO, ID_CONTATO) VALUES (2, '12345678000200', 'senha456', 2, 2);
INSERT INTO T_GP_MOTTU_FILIAL (ID_FILIAL, CNPJ_FILIAL, SENHA_FILIAL, ID_ENDERECO, ID_CONTATO) VALUES (3, '12345678000300', 'senha789', 3, 3);
INSERT INTO T_GP_MOTTU_FILIAL (ID_FILIAL, CNPJ_FILIAL, SENHA_FILIAL, ID_ENDERECO, ID_CONTATO) VALUES (4, '12345678000400', 'senhaabc', 4, 4);
INSERT INTO T_GP_MOTTU_FILIAL (ID_FILIAL, CNPJ_FILIAL, SENHA_FILIAL, ID_ENDERECO, ID_CONTATO) VALUES (5, '12345678000500', 'senhadef', 5, 5);
INSERT INTO T_GP_MOTTU_FILIAL (ID_FILIAL, CNPJ_FILIAL, SENHA_FILIAL, ID_ENDERECO, ID_CONTATO) VALUES (6, '12345678000600', 'senhaghi', 6, 6);
INSERT INTO T_GP_MOTTU_FILIAL (ID_FILIAL, CNPJ_FILIAL, SENHA_FILIAL, ID_ENDERECO, ID_CONTATO) VALUES (7, '12345678000700', 'senhajkl', 7, 7);
INSERT INTO T_GP_MOTTU_FILIAL (ID_FILIAL, CNPJ_FILIAL, SENHA_FILIAL, ID_ENDERECO, ID_CONTATO) VALUES (8, '12345678000800', 'senhamno', 8, 8);
INSERT INTO T_GP_MOTTU_FILIAL (ID_FILIAL, CNPJ_FILIAL, SENHA_FILIAL, ID_ENDERECO, ID_CONTATO) VALUES (9, '12345678000900', 'senhapqr', 9, 9);
INSERT INTO T_GP_MOTTU_FILIAL (ID_FILIAL, CNPJ_FILIAL, SENHA_FILIAL, ID_ENDERECO, ID_CONTATO) VALUES (10, '12345678001000', 'senhastu', 10, 10);

-- SECOES FILIAL
INSERT INTO T_GP_MOTTU_SECOES_FILIAL (ID_SECAO, LADO1, LADO2, LADO3, LADO4, ID_TIPO_SECAO, ID_FILIAL) VALUES (1, 2.0, 2.0, 2.0, 2.0, 1, 1);
INSERT INTO T_GP_MOTTU_SECOES_FILIAL (ID_SECAO, LADO1, LADO2, LADO3, LADO4, ID_TIPO_SECAO, ID_FILIAL) VALUES (2, 3.0, 3.0, 3.0, 3.0, 2, 2);
INSERT INTO T_GP_MOTTU_SECOES_FILIAL (ID_SECAO, LADO1, LADO2, LADO3, LADO4, ID_TIPO_SECAO, ID_FILIAL) VALUES (3, 4.0, 4.0, 4.0, 4.0, 3, 3);
INSERT INTO T_GP_MOTTU_SECOES_FILIAL (ID_SECAO, LADO1, LADO2, LADO3, LADO4, ID_TIPO_SECAO, ID_FILIAL) VALUES (4, 5.0, 5.0, 5.0, 5.0, 4, 4);
INSERT INTO T_GP_MOTTU_SECOES_FILIAL (ID_SECAO, LADO1, LADO2, LADO3, LADO4, ID_TIPO_SECAO, ID_FILIAL) VALUES (5, 6.0, 6.0, 6.0, 6.0, 5, 5);
INSERT INTO T_GP_MOTTU_SECOES_FILIAL (ID_SECAO, LADO1, LADO2, LADO3, LADO4, ID_TIPO_SECAO, ID_FILIAL) VALUES (6, 7.0, 7.0, 7.0, 7.0, 6, 6);
INSERT INTO T_GP_MOTTU_SECOES_FILIAL (ID_SECAO, LADO1, LADO2, LADO3, LADO4, ID_TIPO_SECAO, ID_FILIAL) VALUES (7, 8.0, 8.0, 8.0, 8.0, 7, 7);
INSERT INTO T_GP_MOTTU_SECOES_FILIAL (ID_SECAO, LADO1, LADO2, LADO3, LADO4, ID_TIPO_SECAO, ID_FILIAL) VALUES (8, 9.0, 9.0, 9.0, 9.0, 8, 8);
INSERT INTO T_GP_MOTTU_SECOES_FILIAL (ID_SECAO, LADO1, LADO2, LADO3, LADO4, ID_TIPO_SECAO, ID_FILIAL) VALUES (9, 10.0, 10.0, 10.0, 10.0, 9, 9);
INSERT INTO T_GP_MOTTU_SECOES_FILIAL (ID_SECAO, LADO1, LADO2, LADO3, LADO4, ID_TIPO_SECAO, ID_FILIAL) VALUES (10, 11.0, 11.0, 11.0, 11.0, 10, 10);

-- MOTO
INSERT INTO T_GP_MOTTU_MOTO (ID_MOTO, STATUS, CONDICOES_MANUTENCAO, IDENTIFICADOR, ID_TIPO_MOTO, ID_SECAO) VALUES (1, 'Revisada', 'Revisada', 'ABC1234', 1, 1);
INSERT INTO T_GP_MOTTU_MOTO (ID_MOTO, STATUS, CONDICOES_MANUTENCAO, IDENTIFICADOR, ID_TIPO_MOTO, ID_SECAO) VALUES (2, 'Troca de óleo', 'Troca de óleo', 'XYZ5678', 2, 2);
INSERT INTO T_GP_MOTTU_MOTO (ID_MOTO, STATUS, CONDICOES_MANUTENCAO, IDENTIFICADOR, ID_TIPO_MOTO, ID_SECAO) VALUES (3, 'Completa', 'Completa', 'DEF9012', 3, 3);
INSERT INTO T_GP_MOTTU_MOTO (ID_MOTO, STATUS, CONDICOES_MANUTENCAO, IDENTIFICADOR, ID_TIPO_MOTO, ID_SECAO) VALUES (4, 'Freios novos', 'Freios novos', 'GHI3456', 4, 4);
INSERT INTO T_GP_MOTTU_MOTO (ID_MOTO, STATUS, CONDICOES_MANUTENCAO, IDENTIFICADOR, ID_TIPO_MOTO, ID_SECAO) VALUES (5, 'Sem manutenção', 'Sem manutenção', 'JKL7890', 5, 5);
INSERT INTO T_GP_MOTTU_MOTO (ID_MOTO, STATUS, CONDICOES_MANUTENCAO, IDENTIFICADOR, ID_TIPO_MOTO, ID_SECAO) VALUES (6, 'Pneus novos', 'Pneus novos', 'MNO2345', 6, 6);
INSERT INTO T_GP_MOTTU_MOTO (ID_MOTO, STATUS, CONDICOES_MANUTENCAO, IDENTIFICADOR, ID_TIPO_MOTO, ID_SECAO) VALUES (7, 'Revisada', 'Revisada', 'PQR6789', 7, 7);
INSERT INTO T_GP_MOTTU_MOTO (ID_MOTO, STATUS, CONDICOES_MANUTENCAO, IDENTIFICADOR, ID_TIPO_MOTO, ID_SECAO) VALUES (8, 'Motor retificado', 'Motor retificado', 'STU1234', 8, 8);
INSERT INTO T_GP_MOTTU_MOTO (ID_MOTO, STATUS, CONDICOES_MANUTENCAO, IDENTIFICADOR, ID_TIPO_MOTO, ID_SECAO) VALUES (9, 'Completa', 'Completa', 'VWX5678', 9, 9);
INSERT INTO T_GP_MOTTU_MOTO (ID_MOTO, STATUS, CONDICOES_MANUTENCAO, IDENTIFICADOR, ID_TIPO_MOTO, ID_SECAO) VALUES (10, 'Pronta entrega', 'Pronta entrega', 'YZA9012', 10, 10);

-- USUARIO
INSERT INTO T_GP_MOTTU_USUARIO (ID_USUARIO, NM_USUARIO, NM_EMAIL, SENHA, ID_FILIAL, ID_PERFIL) VALUES (1, 'Admin SP', 'admin.sp@email.com', 'admin123', 1, 1);
INSERT INTO T_GP_MOTTU_USUARIO (ID_USUARIO, NM_USUARIO, NM_EMAIL, SENHA, ID_FILIAL, ID_PERFIL) VALUES (2, 'Admin Campinas', 'admin.campinas@email.com', 'admin456', 2, 2);
INSERT INTO T_GP_MOTTU_USUARIO (ID_USUARIO, NM_USUARIO, NM_EMAIL, SENHA, ID_FILIAL, ID_PERFIL) VALUES (3, 'Admin BH', 'admin.bh@email.com', 'admin789', 3, 3);
INSERT INTO T_GP_MOTTU_USUARIO (ID_USUARIO, NM_USUARIO, NM_EMAIL, SENHA, ID_FILIAL, ID_PERFIL) VALUES (4, 'Admin RJ', 'admin.rj@email.com', 'adminabc', 4, 4);
INSERT INTO T_GP_MOTTU_USUARIO (ID_USUARIO, NM_USUARIO, NM_EMAIL, SENHA, ID_FILIAL, ID_PERFIL) VALUES (5, 'Admin BA', 'admin.ba@email.com', 'admindef', 5, 5);
INSERT INTO T_GP_MOTTU_USUARIO (ID_USUARIO, NM_USUARIO, NM_EMAIL, SENHA, ID_FILIAL, ID_PERFIL) VALUES (6, 'Admin PR', 'admin.pr@email.com', 'adminghi', 6, 6);
INSERT INTO T_GP_MOTTU_USUARIO (ID_USUARIO, NM_USUARIO, NM_EMAIL, SENHA, ID_FILIAL, ID_PERFIL) VALUES (7, 'Admin RS', 'admin.rs@email.com', 'adminjkl', 7, 7);
INSERT INTO T_GP_MOTTU_USUARIO (ID_USUARIO, NM_USUARIO, NM_EMAIL, SENHA, ID_FILIAL, ID_PERFIL) VALUES (8, 'Admin PE', 'admin.pe@email.com', 'adminmno', 8, 8);
INSERT INTO T_GP_MOTTU_USUARIO (ID_USUARIO, NM_USUARIO, NM_EMAIL, SENHA, ID_FILIAL, ID_PERFIL) VALUES (9, 'Admin CE', 'admin.ce@email.com', 'adminpqr', 9, 9);
INSERT INTO T_GP_MOTTU_USUARIO (ID_USUARIO, NM_USUARIO, NM_EMAIL, SENHA, ID_FILIAL, ID_PERFIL) VALUES (10, 'Admin DF', 'admin.df@email.com', 'adminstu', 10, 10);

-- UWB
INSERT INTO T_GP_MOTTU_UWB (ID_UWB, VL_UWB, ID_MOTO) VALUES (1, 'UWB-MOTO-001', 1);
INSERT INTO T_GP_MOTTU_UWB (ID_UWB, VL_UWB, ID_MOTO) VALUES (2, 'UWB-MOTO-002', 2);
INSERT INTO T_GP_MOTTU_UWB (ID_UWB, VL_UWB, ID_MOTO) VALUES (3, 'UWB-MOTO-003', 3);
INSERT INTO T_GP_MOTTU_UWB (ID_UWB, VL_UWB, ID_MOTO) VALUES (4, 'UWB-MOTO-004', 4);
INSERT INTO T_GP_MOTTU_UWB (ID_UWB, VL_UWB, ID_MOTO) VALUES (5, 'UWB-MOTO-005', 5);
INSERT INTO T_GP_MOTTU_UWB (ID_UWB, VL_UWB, ID_MOTO) VALUES (6, 'UWB-MOTO-006', 6);
INSERT INTO T_GP_MOTTU_UWB (ID_UWB, VL_UWB, ID_MOTO) VALUES (7, 'UWB-MOTO-007', 7);
INSERT INTO T_GP_MOTTU_UWB (ID_UWB, VL_UWB, ID_MOTO) VALUES (8, 'UWB-MOTO-008', 8);
INSERT INTO T_GP_MOTTU_UWB (ID_UWB, VL_UWB, ID_MOTO) VALUES (9, 'UWB-MOTO-009', 9);
INSERT INTO T_GP_MOTTU_UWB (ID_UWB, VL_UWB, ID_MOTO) VALUES (10, 'UWB-MOTO-010', 10);